"qid","subject","year","num","type","source_kp_url","mapped_kp_id","tag_status","decision_eligible"
"111-1","A","111","1","單選","../concept-map/115學測數學_排列組合與機率.html#kp2","prob:kp2","MAPPED_AUXILIARY","false"
"111-1","A","111","1","單選","../concept-map/115學測數學_排列組合與機率.html#kp1","prob:kp1","MAPPED_AUXILIARY","false"
"111-2","A","111","2","單選","../concept-map/115學測數學_指數與對數.html#kp2","explog:kp2","MAPPED_AUXILIARY","false"
"111-3","A","111","3","單選","../concept-map/115學測數學_數據分析.html#kp3","data:kp3","MAPPED_AUXILIARY","false"
"111-3","A","111","3","單選","../concept-map/115學測數學_數據分析.html#kp2","data:kp2","MAPPED_AUXILIARY","false"
"111-4","A","111","4","單選","../concept-map/115學測數學_數列與級數.html#kp1","seq:kp1","MAPPED_AUXILIARY","false"
"111-4","A","111","4","單選","../concept-map/115學測數學_指數與對數.html#kp5","explog:kp5","MAPPED_AUXILIARY","false"
"111-5","A","111","5","單選","../concept-map/115學測數學_排列組合與機率.html#kp4","prob:kp4","MAPPED_AUXILIARY","false"
"111-5","A","111","5","單選","../concept-map/115學測數學_排列組合與機率.html#kp5","prob:kp5","MAPPED_AUXILIARY","false"
"111-6","A","111","6","單選","../concept-map/115學測數學_直線與圓.html#kp1","linecir:kp1","MAPPED_AUXILIARY","false"
"111-7","A","111","7","多選","../concept-map/115學測數學_數與式.html#kp2","numexpr:kp2","MAPPED_AUXILIARY","false"
"111-7","A","111","7","多選","../concept-map/115學測數學_多項式函數.html#kp3","poly:kp3","MAPPED_AUXILIARY","false"
"111-8","A","111","8","多選","../concept-map/115學測數學_三角.html#kp2","trig:kp2","MAPPED_AUXILIARY","false"
"111-8","A","111","8","多選","../concept-map/115學測數學_直線與圓.html#kp2","linecir:kp2","MAPPED_AUXILIARY","false"
"111-9","A","111","9","多選","../concept-map/115學測數學_平面向量.html#kp2","pvec:kp2","MAPPED_AUXILIARY","false"
"111-10","A","111","10","多選","../concept-map/115學測數學_多項式函數.html#kp5","poly:kp5","MAPPED_AUXILIARY","false"
"111-10","A","111","10","多選","../concept-map/115學測數學_多項式函數.html#kp4","poly:kp4","MAPPED_AUXILIARY","false"
"111-11","A","111","11","多選","../concept-map/115學測數學_空間向量.html#kp6","space:kp6","MAPPED_AUXILIARY","false"
"111-11","A","111","11","多選","../concept-map/115學測數學_三角.html#kp7","trig:kp7","MAPPED_AUXILIARY","false"
"111-12","A","111","12","多選","../concept-map/115學測數學_多項式函數.html#kp1","poly:kp1","MAPPED_AUXILIARY","false"
"111-12","A","111","12","多選","../concept-map/115學測數學_多項式函數.html#kp2","poly:kp2","MAPPED_AUXILIARY","false"
"111-13","A","111","13","選填","../concept-map/115學測數學_排列組合與機率.html#kp6","prob:kp6","MAPPED_AUXILIARY","false"
"111-14","A","111","14","選填","../concept-map/115學測數學_矩陣.html#kp4","matrix:kp4","MAPPED_AUXILIARY","false"
"111-15","A","111","15","選填","../concept-map/115學測數學_三角.html#kp6","trig:kp6","MAPPED_AUXILIARY","false"
"111-15","A","111","15","選填","../concept-map/115學測數學_三角.html#kp3","trig:kp3","MAPPED_AUXILIARY","false"
"111-16","A","111","16","選填","../concept-map/115學測數學_空間向量.html#kp4","space:kp4","MAPPED_AUXILIARY","false"
"111-16","A","111","16","選填","../concept-map/115學測數學_空間向量.html#kp5","space:kp5","MAPPED_AUXILIARY","false"
"111-17","A","111","17","選填","../concept-map/115學測數學_空間向量.html#kp3","space:kp3","MAPPED_AUXILIARY","false"
"111-17","A","111","17","選填","../concept-map/115學測數學_空間向量.html#kp1","space:kp1","MAPPED_AUXILIARY","false"
"111-18","A","111","18","混合題（單選 3 分）","../concept-map/115學測數學_三角.html#kp1","trig:kp1","MAPPED_AUXILIARY","false"
"111-18","A","111","18","混合題（單選 3 分）","../concept-map/115學測數學_直線與圓.html#kp3","linecir:kp3","MAPPED_AUXILIARY","false"
"111-19","A","111","19","非選擇題（6 分）","../concept-map/115學測數學_三角.html#kp1","trig:kp1","MAPPED_AUXILIARY","false"
"111-19","A","111","19","非選擇題（6 分）","../concept-map/115學測數學_直線與圓.html#kp3","linecir:kp3","MAPPED_AUXILIARY","false"
"111-20","A","111","20","非選擇題（6 分）","../concept-map/115學測數學_三角.html#kp1","trig:kp1","MAPPED_AUXILIARY","false"
"111-20","A","111","20","非選擇題（6 分）","../concept-map/115學測數學_直線與圓.html#kp3","linecir:kp3","MAPPED_AUXILIARY","false"
"B111-1","B","111","1","單選","../concept-map/115學測數學_數與式.html#kp2","numexpr:kp2","MAPPED_AUXILIARY","false"
"B111-2","B","111","2","單選","../concept-map/115學測數學_數列與級數.html#kp4","seq:kp4","MAPPED_AUXILIARY","false"
"B111-3","B","111","3","單選","../concept-map/115學測數學_排列組合與機率.html#kp2","prob:kp2","MAPPED_AUXILIARY","false"
"B111-4","B","111","4","單選","../concept-map/115學測數學_平面向量.html#kp1","pvec:kp1","MAPPED_AUXILIARY","false"
"B111-4","B","111","4","單選","../concept-map/115學測數學_指數與對數.html#kp2","explog:kp2","MAPPED_AUXILIARY","false"
"B111-5","B","111","5","單選","../concept-map/115學測數學_矩陣.html#kp2","matrix:kp2","MAPPED_AUXILIARY","false"
"B111-6","B","111","6","單選","../concept-map/115學測數學_三角.html#kp1","trig:kp1","MAPPED_AUXILIARY","false"
"B111-7","B","111","7","單選","../concept-map/115學測數學_平面向量.html#kp2","pvec:kp2","MAPPED_AUXILIARY","false"
"B111-8","B","111","8","多選","../concept-map/115學測數學_直線與圓.html#kp4","linecir:kp4","MAPPED_AUXILIARY","false"
"B111-8","B","111","8","多選","../concept-map/115學測數學_直線與圓.html#kp1","linecir:kp1","MAPPED_AUXILIARY","false"
"B111-9","B","111","9","多選","../concept-map/115學測數學_多項式函數.html#kp5","poly:kp5","MAPPED_AUXILIARY","false"
"B111-10","B","111","10","多選","../concept-map/115學測數學_數據分析.html#kp1","data:kp1","MAPPED_AUXILIARY","false"
"B111-11","B","111","11","多選","../concept-map/115學測數學_平面向量.html#kp3","pvec:kp3","MAPPED_AUXILIARY","false"
"B111-12","B","111","12","多選","../concept-map/115學測數學_多項式函數.html#kp2","poly:kp2","MAPPED_AUXILIARY","false"
"B111-12","B","111","12","多選","../concept-map/115學測數學_多項式函數.html#kp3","poly:kp3","MAPPED_AUXILIARY","false"
"B111-13","B","111","13","選填","../concept-map/115學測數學_指數與對數.html#kp1","explog:kp1","MAPPED_AUXILIARY","false"
"B111-13","B","111","13","選填","../concept-map/115學測數學_指數與對數.html#kp2","explog:kp2","MAPPED_AUXILIARY","false"
"B111-14","B","111","14","選填","../concept-map/115學測數學_平面向量.html#kp3","pvec:kp3","MAPPED_AUXILIARY","false"
"B111-15","B","111","15","選填","../concept-map/115學測數學_排列組合與機率.html#kp4","prob:kp4","MAPPED_AUXILIARY","false"
"B111-16","B","111","16","選填","../concept-map/115學測數學_排列組合與機率.html#kp3","prob:kp3","MAPPED_AUXILIARY","false"
"B111-16","B","111","16","選填","../concept-map/115學測數學_排列組合與機率.html#kp2","prob:kp2","MAPPED_AUXILIARY","false"
"B111-17","B","111","17","選填","../concept-map/115學測數學_排列組合與機率.html#kp1","prob:kp1","MAPPED_AUXILIARY","false"
"B111-18","B","111","18","混合題（單選 5 分）","../concept-map/115學測數學_三角.html#kp1","trig:kp1","MAPPED_AUXILIARY","false"
"B111-19","B","111","19","非選擇題（4 分）","../concept-map/115學測數學_三角.html#kp1","trig:kp1","MAPPED_AUXILIARY","false"
"B111-20","B","111","20","非選擇題（6 分）","../concept-map/115學測數學_三角.html#kp3","trig:kp3","MAPPED_AUXILIARY","false"
"B111-20","B","111","20","非選擇題（6 分）","../concept-map/115學測數學_三角.html#kp1","trig:kp1","MAPPED_AUXILIARY","false"
"112-1","A","112","1","單選","../concept-map/115學測數學_指數與對數.html#kp1","explog:kp1","MAPPED_AUXILIARY","false"
"112-2","A","112","2","單選","../concept-map/115學測數學_三角.html#kp1","trig:kp1","MAPPED_AUXILIARY","false"
"112-2","A","112","2","單選","../concept-map/115學測數學_直線與圓.html#kp4","linecir:kp4","MAPPED_AUXILIARY","false"
"112-3","A","112","3","單選","../concept-map/115學測數學_數據分析.html#kp3","data:kp3","MAPPED_AUXILIARY","false"
"112-3","A","112","3","單選","../concept-map/115學測數學_指數與對數.html#kp2","explog:kp2","MAPPED_AUXILIARY","false"
"112-4","A","112","4","單選","../concept-map/115學測數學_排列組合與機率.html#kp2","prob:kp2","MAPPED_AUXILIARY","false"
"112-4","A","112","4","單選","../concept-map/115學測數學_排列組合與機率.html#kp1","prob:kp1","MAPPED_AUXILIARY","false"
"112-5","A","112","5","單選","../concept-map/115學測數學_空間向量.html#kp3","space:kp3","MAPPED_AUXILIARY","false"
"112-5","A","112","5","單選","../concept-map/115學測數學_空間向量.html#kp4","space:kp4","MAPPED_AUXILIARY","false"
"112-6","A","112","6","單選","../concept-map/115學測數學_空間向量.html#kp2","space:kp2","MAPPED_AUXILIARY","false"
"112-6","A","112","6","單選","../concept-map/115學測數學_排列組合與機率.html#kp6","prob:kp6","MAPPED_AUXILIARY","false"
"112-7","A","112","7","多選","../concept-map/115學測數學_數列與級數.html#kp1","seq:kp1","MAPPED_AUXILIARY","false"
"112-8","A","112","8","多選","../concept-map/115學測數學_排列組合與機率.html#kp5","prob:kp5","MAPPED_AUXILIARY","false"
"112-9","A","112","9","多選","../concept-map/115學測數學_數列與級數.html#kp2","seq:kp2","MAPPED_AUXILIARY","false"
"112-9","A","112","9","多選","../concept-map/115學測數學_指數與對數.html#kp5","explog:kp5","MAPPED_AUXILIARY","false"
"112-10","A","112","10","多選","../concept-map/115學測數學_直線與圓.html#kp1","linecir:kp1","MAPPED_AUXILIARY","false"
"112-10","A","112","10","多選","../concept-map/115學測數學_直線與圓.html#kp5","linecir:kp5","MAPPED_AUXILIARY","false"
"112-11","A","112","11","多選","../concept-map/115學測數學_矩陣.html#kp5","matrix:kp5","MAPPED_AUXILIARY","false"
"112-12","A","112","12","多選","../concept-map/115學測數學_三角.html#kp4","trig:kp4","MAPPED_AUXILIARY","false"
"112-12","A","112","12","多選","../concept-map/115學測數學_三角.html#kp5","trig:kp5","MAPPED_AUXILIARY","false"
"112-13","A","112","13","選填","../concept-map/115學測數學_矩陣.html#kp4","matrix:kp4","MAPPED_AUXILIARY","false"
"112-14","A","112","14","選填","../concept-map/115學測數學_多項式函數.html#kp1","poly:kp1","MAPPED_AUXILIARY","false"
"112-15","A","112","15","選填","../concept-map/115學測數學_平面向量.html#kp2","pvec:kp2","MAPPED_AUXILIARY","false"
"112-15","A","112","15","選填","../concept-map/115學測數學_平面向量.html#kp3","pvec:kp3","MAPPED_AUXILIARY","false"
"112-16","A","112","16","選填","../concept-map/115學測數學_空間向量.html#kp4","space:kp4","MAPPED_AUXILIARY","false"
"112-16","A","112","16","選填","../concept-map/115學測數學_空間向量.html#kp1","space:kp1","MAPPED_AUXILIARY","false"
"112-17","A","112","17","選填","../concept-map/115學測數學_空間向量.html#kp5","space:kp5","MAPPED_AUXILIARY","false"
"112-17","A","112","17","選填","../concept-map/115學測數學_空間向量.html#kp3","space:kp3","MAPPED_AUXILIARY","false"
"112-18","A","112","18","混合題（單選 3 分）","../concept-map/115學測數學_三角.html#kp2","trig:kp2","MAPPED_AUXILIARY","false"
"112-18","A","112","18","混合題（單選 3 分）","../concept-map/115學測數學_三角.html#kp1","trig:kp1","MAPPED_AUXILIARY","false"
"112-19","A","112","19","非選擇題（6 分）","../concept-map/115學測數學_三角.html#kp1","trig:kp1","MAPPED_AUXILIARY","false"
"112-19","A","112","19","非選擇題（6 分）","../concept-map/115學測數學_平面向量.html#kp1","pvec:kp1","MAPPED_AUXILIARY","false"
"112-20","A","112","20","非選擇題（6 分）","../concept-map/115學測數學_直線與圓.html#kp2","linecir:kp2","MAPPED_AUXILIARY","false"
"112-20","A","112","20","非選擇題（6 分）","../concept-map/115學測數學_平面向量.html#kp4","pvec:kp4","MAPPED_AUXILIARY","false"
"B112-1","B","112","1","單選","../concept-map/115學測數學_多項式函數.html#kp5","poly:kp5","MAPPED_AUXILIARY","false"
"B112-2","B","112","2","單選","../concept-map/115學測數學_矩陣.html#kp1","matrix:kp1","MAPPED_AUXILIARY","false"
"B112-2","B","112","2","單選","../concept-map/115學測數學_矩陣.html#kp5","matrix:kp5","MAPPED_AUXILIARY","false"
"B112-3","B","112","3","單選","../concept-map/115學測數學_三角.html#kp3","trig:kp3","MAPPED_AUXILIARY","false"
"B112-4","B","112","4","單選","../concept-map/115學測數學_數據分析.html#kp4","data:kp4","MAPPED_AUXILIARY","false"
"B112-5","B","112","5","單選","../concept-map/115學測數學_排列組合與機率.html#kp4","prob:kp4","MAPPED_AUXILIARY","false"
"B112-5","B","112","5","單選","../concept-map/115學測數學_排列組合與機率.html#kp3","prob:kp3","MAPPED_AUXILIARY","false"
"B112-6","B","112","6","單選","../concept-map/115學測數學_多項式函數.html#kp1","poly:kp1","MAPPED_AUXILIARY","false"
"B112-7","B","112","7","單選","","","UNMAPPED","false"
"B112-8","B","112","8","多選","../concept-map/115學測數學_數列與級數.html#kp4","seq:kp4","MAPPED_AUXILIARY","false"
"B112-9","B","112","9","多選","../concept-map/115學測數學_數與式.html#kp1","numexpr:kp1","MAPPED_AUXILIARY","false"
"B112-9","B","112","9","多選","../concept-map/115學測數學_數與式.html#kp3","numexpr:kp3","MAPPED_AUXILIARY","false"
"B112-10","B","112","10","多選","../concept-map/115學測數學_指數與對數.html#kp5","explog:kp5","MAPPED_AUXILIARY","false"
"B112-10","B","112","10","多選","../concept-map/115學測數學_指數與對數.html#kp1","explog:kp1","MAPPED_AUXILIARY","false"
"B112-11","B","112","11","多選","../concept-map/115學測數學_直線與圓.html#kp3","linecir:kp3","MAPPED_AUXILIARY","false"
"B112-11","B","112","11","多選","../concept-map/115學測數學_直線與圓.html#kp4","linecir:kp4","MAPPED_AUXILIARY","false"
"B112-12","B","112","12","多選","../concept-map/115學測數學_三角.html#kp1","trig:kp1","MAPPED_AUXILIARY","false"
"B112-13","B","112","13","選填","../concept-map/115學測數學_指數與對數.html#kp2","explog:kp2","MAPPED_AUXILIARY","false"
"B112-14","B","112","14","選填","../concept-map/115學測數學_排列組合與機率.html#kp2","prob:kp2","MAPPED_AUXILIARY","false"
"B112-14","B","112","14","選填","../concept-map/115學測數學_數列與級數.html#kp1","seq:kp1","MAPPED_AUXILIARY","false"
"B112-15","B","112","15","選填","../concept-map/115學測數學_平面向量.html#kp3","pvec:kp3","MAPPED_AUXILIARY","false"
"B112-16","B","112","16","選填","../concept-map/115學測數學_直線與圓.html#kp1","linecir:kp1","MAPPED_AUXILIARY","false"
"B112-16","B","112","16","選填","../concept-map/115學測數學_三角.html#kp6","trig:kp6","MAPPED_AUXILIARY","false"
"B112-17","B","112","17","選填","../concept-map/115學測數學_數列與級數.html#kp4","seq:kp4","MAPPED_AUXILIARY","false"
"B112-17","B","112","17","選填","../concept-map/115學測數學_排列組合與機率.html#kp1","prob:kp1","MAPPED_AUXILIARY","false"
"B112-18","B","112","18","混合題（選填 3 分）","../concept-map/115學測數學_平面向量.html#kp2","pvec:kp2","MAPPED_AUXILIARY","false"
"B112-18","B","112","18","混合題（選填 3 分）","../concept-map/115學測數學_直線與圓.html#kp1","linecir:kp1","MAPPED_AUXILIARY","false"
"B112-19","B","112","19","非選擇題（6 分）","../concept-map/115學測數學_直線與圓.html#kp1","linecir:kp1","MAPPED_AUXILIARY","false"
"B112-20","B","112","20","非選擇題（6 分）","../concept-map/115學測數學_平面向量.html#kp2","pvec:kp2","MAPPED_AUXILIARY","false"
"B112-20","B","112","20","非選擇題（6 分）","../concept-map/115學測數學_直線與圓.html#kp1","linecir:kp1","MAPPED_AUXILIARY","false"
"113-1","A","113","1","單選","../concept-map/115學測數學_指數與對數.html#kp5","explog:kp5","MAPPED_AUXILIARY","false"
"113-1","A","113","1","單選","../concept-map/115學測數學_指數與對數.html#kp1","explog:kp1","MAPPED_AUXILIARY","false"
"113-2","A","113","2","單選","../concept-map/115學測數學_空間向量.html#kp3","space:kp3","MAPPED_AUXILIARY","false"
"113-2","A","113","2","單選","../concept-map/115學測數學_空間向量.html#kp1","space:kp1","MAPPED_AUXILIARY","false"
"113-3","A","113","3","單選","../concept-map/115學測數學_多項式函數.html#kp4","poly:kp4","MAPPED_AUXILIARY","false"
"113-3","A","113","3","單選","../concept-map/115學測數學_數列與級數.html#kp1","seq:kp1","MAPPED_AUXILIARY","false"
"113-4","A","113","4","單選","../concept-map/115學測數學_三角.html#kp5","trig:kp5","MAPPED_AUXILIARY","false"
"113-4","A","113","4","單選","../concept-map/115學測數學_三角.html#kp1","trig:kp1","MAPPED_AUXILIARY","false"
"113-5","A","113","5","單選","../concept-map/115學測數學_數據分析.html#kp1","data:kp1","MAPPED_AUXILIARY","false"
"113-5","A","113","5","單選","../concept-map/115學測數學_排列組合與機率.html#kp2","prob:kp2","MAPPED_AUXILIARY","false"
"113-6","A","113","6","單選","../concept-map/115學測數學_三角.html#kp3","trig:kp3","MAPPED_AUXILIARY","false"
"113-6","A","113","6","單選","../concept-map/115學測數學_三角.html#kp5","trig:kp5","MAPPED_AUXILIARY","false"
"113-7","A","113","7","多選","../concept-map/115學測數學_指數與對數.html#kp2","explog:kp2","MAPPED_AUXILIARY","false"
"113-7","A","113","7","多選","../concept-map/115學測數學_指數與對數.html#kp4","explog:kp4","MAPPED_AUXILIARY","false"
"113-8","A","113","8","多選","../concept-map/115學測數學_三角.html#kp2","trig:kp2","MAPPED_AUXILIARY","false"
"113-8","A","113","8","多選","../concept-map/115學測數學_三角.html#kp6","trig:kp6","MAPPED_AUXILIARY","false"
"113-8","A","113","8","多選","../concept-map/115學測數學_數列與級數.html#kp1","seq:kp1","MAPPED_AUXILIARY","false"
"113-9","A","113","9","多選","../concept-map/115學測數學_數據分析.html#kp3","data:kp3","MAPPED_AUXILIARY","false"
"113-9","A","113","9","多選","../concept-map/115學測數學_數據分析.html#kp2","data:kp2","MAPPED_AUXILIARY","false"
"113-10","A","113","10","多選","../concept-map/115學測數學_直線與圓.html#kp2","linecir:kp2","MAPPED_AUXILIARY","false"
"113-10","A","113","10","多選","../concept-map/115學測數學_平面向量.html#kp1","pvec:kp1","MAPPED_AUXILIARY","false"
"113-11","A","113","11","多選","../concept-map/115學測數學_矩陣.html#kp4","matrix:kp4","MAPPED_AUXILIARY","false"
"113-11","A","113","11","多選","../concept-map/115學測數學_排列組合與機率.html#kp4","prob:kp4","MAPPED_AUXILIARY","false"
"113-12","A","113","12","多選","../concept-map/115學測數學_矩陣.html#kp5","matrix:kp5","MAPPED_AUXILIARY","false"
"113-12","A","113","12","多選","../concept-map/115學測數學_矩陣.html#kp1","matrix:kp1","MAPPED_AUXILIARY","false"
"113-13","A","113","13","選填","../concept-map/115學測數學_數據分析.html#kp4","data:kp4","MAPPED_AUXILIARY","false"
"113-14","A","113","14","選填","../concept-map/115學測數學_多項式函數.html#kp1","poly:kp1","MAPPED_AUXILIARY","false"
"113-15","A","113","15","選填","../concept-map/115學測數學_排列組合與機率.html#kp6","prob:kp6","MAPPED_AUXILIARY","false"
"113-15","A","113","15","選填","../concept-map/115學測數學_排列組合與機率.html#kp3","prob:kp3","MAPPED_AUXILIARY","false"
"113-16","A","113","16","選填","../concept-map/115學測數學_平面向量.html#kp3","pvec:kp3","MAPPED_AUXILIARY","false"
"113-16","A","113","16","選填","../concept-map/115學測數學_平面向量.html#kp1","pvec:kp1","MAPPED_AUXILIARY","false"
"113-17","A","113","17","選填","../concept-map/115學測數學_直線與圓.html#kp5","linecir:kp5","MAPPED_AUXILIARY","false"
"113-17","A","113","17","選填","../concept-map/115學測數學_數與式.html#kp2","numexpr:kp2","MAPPED_AUXILIARY","false"
"113-18","A","113","18","混合題（單選 3 分）","../concept-map/115學測數學_空間向量.html#kp4","space:kp4","MAPPED_AUXILIARY","false"
"113-18","A","113","18","混合題（單選 3 分）","../concept-map/115學測數學_空間向量.html#kp2","space:kp2","MAPPED_AUXILIARY","false"
"113-19","A","113","19","非選擇題（4 分）","../concept-map/115學測數學_空間向量.html#kp2","space:kp2","MAPPED_AUXILIARY","false"
"113-19","A","113","19","非選擇題（4 分）","../concept-map/115學測數學_空間向量.html#kp4","space:kp4","MAPPED_AUXILIARY","false"
"113-20","A","113","20","非選擇題（8 分）","../concept-map/115學測數學_空間向量.html#kp4","space:kp4","MAPPED_AUXILIARY","false"
"113-20","A","113","20","非選擇題（8 分）","../concept-map/115學測數學_多項式函數.html#kp2","poly:kp2","MAPPED_AUXILIARY","false"
"B113-1","B","113","1","單選","../concept-map/115學測數學_數據分析.html#kp4","data:kp4","MAPPED_AUXILIARY","false"
"B113-2","B","113","2","單選","../concept-map/115學測數學_指數與對數.html#kp2","explog:kp2","MAPPED_AUXILIARY","false"
"B113-2","B","113","2","單選","../concept-map/115學測數學_指數與對數.html#kp4","explog:kp4","MAPPED_AUXILIARY","false"
"B113-3","B","113","3","單選","../concept-map/115學測數學_直線與圓.html#kp1","linecir:kp1","MAPPED_AUXILIARY","false"
"B113-4","B","113","4","單選","../concept-map/115學測數學_平面向量.html#kp1","pvec:kp1","MAPPED_AUXILIARY","false"
"B113-4","B","113","4","單選","../concept-map/115學測數學_平面向量.html#kp3","pvec:kp3","MAPPED_AUXILIARY","false"
"B113-5","B","113","5","單選","../concept-map/115學測數學_多項式函數.html#kp2","poly:kp2","MAPPED_AUXILIARY","false"
"B113-6","B","113","6","單選","../concept-map/115學測數學_三角.html#kp3","trig:kp3","MAPPED_AUXILIARY","false"
"B113-7","B","113","7","單選","../concept-map/115學測數學_數據分析.html#kp4","data:kp4","MAPPED_AUXILIARY","false"
"B113-8","B","113","8","多選","../concept-map/115學測數學_數列與級數.html#kp2","seq:kp2","MAPPED_AUXILIARY","false"
"B113-9","B","113","9","多選","../concept-map/115學測數學_多項式函數.html#kp1","poly:kp1","MAPPED_AUXILIARY","false"
"B113-10","B","113","10","多選","../concept-map/115學測數學_數列與級數.html#kp4","seq:kp4","MAPPED_AUXILIARY","false"
"B113-11","B","113","11","多選","../concept-map/115學測數學_指數與對數.html#kp5","explog:kp5","MAPPED_AUXILIARY","false"
"B113-11","B","113","11","多選","../concept-map/115學測數學_數列與級數.html#kp2","seq:kp2","MAPPED_AUXILIARY","false"
"B113-12","B","113","12","多選","../concept-map/115學測數學_排列組合與機率.html#kp3","prob:kp3","MAPPED_AUXILIARY","false"
"B113-13","B","113","13","選填","../concept-map/115學測數學_矩陣.html#kp1","matrix:kp1","MAPPED_AUXILIARY","false"
"B113-14","B","113","14","選填","../concept-map/115學測數學_排列組合與機率.html#kp4","prob:kp4","MAPPED_AUXILIARY","false"
"B113-15","B","113","15","選填","../concept-map/115學測數學_平面向量.html#kp2","pvec:kp2","MAPPED_AUXILIARY","false"
"B113-15","B","113","15","選填","../concept-map/115學測數學_平面向量.html#kp1","pvec:kp1","MAPPED_AUXILIARY","false"
"B113-16","B","113","16","選填","../concept-map/115學測數學_三角.html#kp2","trig:kp2","MAPPED_AUXILIARY","false"
"B113-17","B","113","17","選填","../concept-map/115學測數學_排列組合與機率.html#kp2","prob:kp2","MAPPED_AUXILIARY","false"
"B113-17","B","113","17","選填","../concept-map/115學測數學_數列與級數.html#kp1","seq:kp1","MAPPED_AUXILIARY","false"
"B113-18","B","113","18","混合題（單選 3 分）","","","UNMAPPED","false"
"B113-19","B","113","19","非選擇題（4 分）","../concept-map/115學測數學_三角.html#kp6","trig:kp6","MAPPED_AUXILIARY","false"
"B113-20","B","113","20","非選擇題（8 分）","","","UNMAPPED","false"
"114-1","A","114","1","單選","../concept-map/115學測數學_排列組合與機率.html#kp5","prob:kp5","MAPPED_AUXILIARY","false"
"114-1","A","114","1","單選","../concept-map/115學測數學_排列組合與機率.html#kp3","prob:kp3","MAPPED_AUXILIARY","false"
"114-2","A","114","2","單選","../concept-map/115學測數學_直線與圓.html#kp1","linecir:kp1","MAPPED_AUXILIARY","false"
"114-2","A","114","2","單選","../concept-map/115學測數學_直線與圓.html#kp2","linecir:kp2","MAPPED_AUXILIARY","false"
"114-3","A","114","3","單選","../concept-map/115學測數學_排列組合與機率.html#kp1","prob:kp1","MAPPED_AUXILIARY","false"
"114-4","A","114","4","單選","../concept-map/115學測數學_指數與對數.html#kp4","explog:kp4","MAPPED_AUXILIARY","false"
"114-4","A","114","4","單選","../concept-map/115學測數學_指數與對數.html#kp3","explog:kp3","MAPPED_AUXILIARY","false"
"114-5","A","114","5","單選","../concept-map/115學測數學_三角.html#kp5","trig:kp5","MAPPED_AUXILIARY","false"
"114-5","A","114","5","單選","../concept-map/115學測數學_三角.html#kp1","trig:kp1","MAPPED_AUXILIARY","false"
"114-6","A","114","6","單選","../concept-map/115學測數學_空間向量.html#kp2","space:kp2","MAPPED_AUXILIARY","false"
"114-6","A","114","6","單選","../concept-map/115學測數學_空間向量.html#kp3","space:kp3","MAPPED_AUXILIARY","false"
"114-7","A","114","7","多選","../concept-map/115學測數學_數列與級數.html#kp3","seq:kp3","MAPPED_AUXILIARY","false"
"114-7","A","114","7","多選","../concept-map/115學測數學_數列與級數.html#kp2","seq:kp2","MAPPED_AUXILIARY","false"
"114-8","A","114","8","多選","../concept-map/115學測數學_指數與對數.html#kp1","explog:kp1","MAPPED_AUXILIARY","false"
"114-8","A","114","8","多選","../concept-map/115學測數學_直線與圓.html#kp4","linecir:kp4","MAPPED_AUXILIARY","false"
"114-9","A","114","9","多選","../concept-map/115學測數學_多項式函數.html#kp2","poly:kp2","MAPPED_AUXILIARY","false"
"114-9","A","114","9","多選","../concept-map/115學測數學_多項式函數.html#kp3","poly:kp3","MAPPED_AUXILIARY","false"
"114-10","A","114","10","多選","../concept-map/115學測數學_三角.html#kp4","trig:kp4","MAPPED_AUXILIARY","false"
"114-11","A","114","11","多選","../concept-map/115學測數學_平面向量.html#kp2","pvec:kp2","MAPPED_AUXILIARY","false"
"114-11","A","114","11","多選","../concept-map/115學測數學_平面向量.html#kp3","pvec:kp3","MAPPED_AUXILIARY","false"
"114-11","A","114","11","多選","../concept-map/115學測數學_三角.html#kp2","trig:kp2","MAPPED_AUXILIARY","false"
"114-12","A","114","12","多選","../concept-map/115學測數學_數據分析.html#kp3","data:kp3","MAPPED_AUXILIARY","false"
"114-12","A","114","12","多選","../concept-map/115學測數學_數據分析.html#kp1","data:kp1","MAPPED_AUXILIARY","false"
"114-13","A","114","13","選填","../concept-map/115學測數學_多項式函數.html#kp1","poly:kp1","MAPPED_AUXILIARY","false"
"114-13","A","114","13","選填","../concept-map/115學測數學_多項式函數.html#kp5","poly:kp5","MAPPED_AUXILIARY","false"
"114-14","A","114","14","選填","../concept-map/115學測數學_空間向量.html#kp4","space:kp4","MAPPED_AUXILIARY","false"
"114-15","A","114","15","選填","../concept-map/115學測數學_排列組合與機率.html#kp6","prob:kp6","MAPPED_AUXILIARY","false"
"114-15","A","114","15","選填","../concept-map/115學測數學_排列組合與機率.html#kp3","prob:kp3","MAPPED_AUXILIARY","false"
"114-16","A","114","16","選填","../concept-map/115學測數學_直線與圓.html#kp4","linecir:kp4","MAPPED_AUXILIARY","false"
"114-16","A","114","16","選填","../concept-map/115學測數學_直線與圓.html#kp1","linecir:kp1","MAPPED_AUXILIARY","false"
"114-17","A","114","17","選填","../concept-map/115學測數學_三角.html#kp2","trig:kp2","MAPPED_AUXILIARY","false"
"114-17","A","114","17","選填","../concept-map/115學測數學_三角.html#kp7","trig:kp7","MAPPED_AUXILIARY","false"
"114-17","A","114","17","選填","../concept-map/115學測數學_三角.html#kp5","trig:kp5","MAPPED_AUXILIARY","false"
"114-18","A","114","18","混合題（單選 3 分）","../concept-map/115學測數學_矩陣.html#kp5","matrix:kp5","MAPPED_AUXILIARY","false"
"114-18","A","114","18","混合題（單選 3 分）","../concept-map/115學測數學_矩陣.html#kp2","matrix:kp2","MAPPED_AUXILIARY","false"
"114-19","A","114","19","非選擇題（6 分）","../concept-map/115學測數學_矩陣.html#kp5","matrix:kp5","MAPPED_AUXILIARY","false"
"114-19","A","114","19","非選擇題（6 分）","../concept-map/115學測數學_平面向量.html#kp3","pvec:kp3","MAPPED_AUXILIARY","false"
"114-20","A","114","20","非選擇題（6 分）","../concept-map/115學測數學_矩陣.html#kp5","matrix:kp5","MAPPED_AUXILIARY","false"
"114-20","A","114","20","非選擇題（6 分）","../concept-map/115學測數學_平面向量.html#kp5","pvec:kp5","MAPPED_AUXILIARY","false"
"114-20","A","114","20","非選擇題（6 分）","../concept-map/115學測數學_直線與圓.html#kp1","linecir:kp1","MAPPED_AUXILIARY","false"
"B114-1","B","114","1","單選","../concept-map/115學測數學_數與式.html#kp3","numexpr:kp3","MAPPED_AUXILIARY","false"
"B114-2","B","114","2","單選","../concept-map/115學測數學_矩陣.html#kp1","matrix:kp1","MAPPED_AUXILIARY","false"
"B114-2","B","114","2","單選","../concept-map/115學測數學_矩陣.html#kp3","matrix:kp3","MAPPED_AUXILIARY","false"
"B114-3","B","114","3","單選","../concept-map/115學測數學_指數與對數.html#kp2","explog:kp2","MAPPED_AUXILIARY","false"
"B114-3","B","114","3","單選","../concept-map/115學測數學_指數與對數.html#kp4","explog:kp4","MAPPED_AUXILIARY","false"
"B114-4","B","114","4","單選","../concept-map/115學測數學_排列組合與機率.html#kp3","prob:kp3","MAPPED_AUXILIARY","false"
"B114-4","B","114","4","單選","../concept-map/115學測數學_排列組合與機率.html#kp2","prob:kp2","MAPPED_AUXILIARY","false"
"B114-5","B","114","5","單選","","","UNMAPPED","false"
"B114-6","B","114","6","單選","../concept-map/115學測數學_多項式函數.html#kp1","poly:kp1","MAPPED_AUXILIARY","false"
"B114-7","B","114","7","單選","../concept-map/115學測數學_平面向量.html#kp2","pvec:kp2","MAPPED_AUXILIARY","false"
"B114-8","B","114","8","多選","../concept-map/115學測數學_多項式函數.html#kp5","poly:kp5","MAPPED_AUXILIARY","false"
"B114-9","B","114","9","多選","../concept-map/115學測數學_平面向量.html#kp2","pvec:kp2","MAPPED_AUXILIARY","false"
"B114-9","B","114","9","多選","../concept-map/115學測數學_平面向量.html#kp1","pvec:kp1","MAPPED_AUXILIARY","false"
"B114-10","B","114","10","多選","../concept-map/115學測數學_數據分析.html#kp1","data:kp1","MAPPED_AUXILIARY","false"
"B114-11","B","114","11","多選","../concept-map/115學測數學_三角.html#kp1","trig:kp1","MAPPED_AUXILIARY","false"
"B114-12","B","114","12","多選","../concept-map/115學測數學_數列與級數.html#kp1","seq:kp1","MAPPED_AUXILIARY","false"
"B114-13","B","114","13","選填","../concept-map/115學測數學_排列組合與機率.html#kp5","prob:kp5","MAPPED_AUXILIARY","false"
"B114-14","B","114","14","選填","../concept-map/115學測數學_直線與圓.html#kp1","linecir:kp1","MAPPED_AUXILIARY","false"
"B114-14","B","114","14","選填","../concept-map/115學測數學_直線與圓.html#kp2","linecir:kp2","MAPPED_AUXILIARY","false"
"B114-15","B","114","15","選填","../concept-map/115學測數學_排列組合與機率.html#kp2","prob:kp2","MAPPED_AUXILIARY","false"
"B114-16","B","114","16","選填","../concept-map/115學測數學_三角.html#kp2","trig:kp2","MAPPED_AUXILIARY","false"
"B114-17","B","114","17","選填","../concept-map/115學測數學_數列與級數.html#kp4","seq:kp4","MAPPED_AUXILIARY","false"
"B114-18","B","114","18","混合題（單選 3 分）","../concept-map/115學測數學_指數與對數.html#kp5","explog:kp5","MAPPED_AUXILIARY","false"
"B114-18","B","114","18","混合題（單選 3 分）","../concept-map/115學測數學_數列與級數.html#kp2","seq:kp2","MAPPED_AUXILIARY","false"
"B114-19","B","114","19","非選擇題（6 分）","../concept-map/115學測數學_三角.html#kp4","trig:kp4","MAPPED_AUXILIARY","false"
"B114-20","B","114","20","非選擇題（6 分）","../concept-map/115學測數學_三角.html#kp4","trig:kp4","MAPPED_AUXILIARY","false"
"B114-20","B","114","20","非選擇題（6 分）","../concept-map/115學測數學_三角.html#kp5","trig:kp5","MAPPED_AUXILIARY","false"
"115-1","A","115","1","單選","../concept-map/115學測數學_排列組合與機率.html#kp6","prob:kp6","MAPPED_AUXILIARY","false"
"115-1","A","115","1","單選","../concept-map/115學測數學_排列組合與機率.html#kp5","prob:kp5","MAPPED_AUXILIARY","false"
"115-2","A","115","2","單選","../concept-map/115學測數學_數與式.html#kp6","numexpr:kp6","MAPPED_AUXILIARY","false"
"115-2","A","115","2","單選","../concept-map/115學測數學_數與式.html#kp3","numexpr:kp3","MAPPED_AUXILIARY","false"
"115-3","A","115","3","單選","../concept-map/115學測數學_指數與對數.html#kp1","explog:kp1","MAPPED_AUXILIARY","false"
"115-3","A","115","3","單選","../concept-map/115學測數學_數列與級數.html#kp2","seq:kp2","MAPPED_AUXILIARY","false"
"115-4","A","115","4","單選","../concept-map/115學測數學_排列組合與機率.html#kp2","prob:kp2","MAPPED_AUXILIARY","false"
"115-4","A","115","4","單選","../concept-map/115學測數學_排列組合與機率.html#kp1","prob:kp1","MAPPED_AUXILIARY","false"
"115-5","A","115","5","單選","../concept-map/115學測數學_矩陣.html#kp1","matrix:kp1","MAPPED_AUXILIARY","false"
"115-5","A","115","5","單選","../concept-map/115學測數學_矩陣.html#kp4","matrix:kp4","MAPPED_AUXILIARY","false"
"115-6","A","115","6","單選","../concept-map/115學測數學_直線與圓.html#kp2","linecir:kp2","MAPPED_AUXILIARY","false"
"115-6","A","115","6","單選","../concept-map/115學測數學_直線與圓.html#kp1","linecir:kp1","MAPPED_AUXILIARY","false"
"115-7","A","115","7","多選","../concept-map/115學測數學_直線與圓.html#kp5","linecir:kp5","MAPPED_AUXILIARY","false"
"115-8","A","115","8","多選","../concept-map/115學測數學_矩陣.html#kp2","matrix:kp2","MAPPED_AUXILIARY","false"
"115-8","A","115","8","多選","../concept-map/115學測數學_數列與級數.html#kp3","seq:kp3","MAPPED_AUXILIARY","false"
"115-9","A","115","9","多選","../concept-map/115學測數學_數據分析.html#kp1","data:kp1","MAPPED_AUXILIARY","false"
"115-9","A","115","9","多選","../concept-map/115學測數學_數據分析.html#kp3","data:kp3","MAPPED_AUXILIARY","false"
"115-10","A","115","10","多選","../concept-map/115學測數學_平面向量.html#kp2","pvec:kp2","MAPPED_AUXILIARY","false"
"115-10","A","115","10","多選","../concept-map/115學測數學_平面向量.html#kp3","pvec:kp3","MAPPED_AUXILIARY","false"
"115-10","A","115","10","多選","../concept-map/115學測數學_平面向量.html#kp4","pvec:kp4","MAPPED_AUXILIARY","false"
"115-11","A","115","11","多選","../concept-map/115學測數學_三角.html#kp4","trig:kp4","MAPPED_AUXILIARY","false"
"115-11","A","115","11","多選","../concept-map/115學測數學_三角.html#kp1","trig:kp1","MAPPED_AUXILIARY","false"
"115-12","A","115","12","多選","../concept-map/115學測數學_多項式函數.html#kp5","poly:kp5","MAPPED_AUXILIARY","false"
"115-12","A","115","12","多選","../concept-map/115學測數學_多項式函數.html#kp3","poly:kp3","MAPPED_AUXILIARY","false"
"115-13","A","115","13","選填","../concept-map/115學測數學_排列組合與機率.html#kp4","prob:kp4","MAPPED_AUXILIARY","false"
"115-14","A","115","14","選填","../concept-map/115學測數學_平面向量.html#kp3","pvec:kp3","MAPPED_AUXILIARY","false"
"115-14","A","115","14","選填","../concept-map/115學測數學_多項式函數.html#kp2","poly:kp2","MAPPED_AUXILIARY","false"
"115-15","A","115","15","選填","../concept-map/115學測數學_指數與對數.html#kp5","explog:kp5","MAPPED_AUXILIARY","false"
"115-15","A","115","15","選填","../concept-map/115學測數學_數列與級數.html#kp1","seq:kp1","MAPPED_AUXILIARY","false"
"115-15","A","115","15","選填","../concept-map/115學測數學_直線與圓.html#kp1","linecir:kp1","MAPPED_AUXILIARY","false"
"115-16","A","115","16","選填","../concept-map/115學測數學_多項式函數.html#kp2","poly:kp2","MAPPED_AUXILIARY","false"
"115-16","A","115","16","選填","../concept-map/115學測數學_直線與圓.html#kp2","linecir:kp2","MAPPED_AUXILIARY","false"
"115-17","A","115","17","選填","../concept-map/115學測數學_三角.html#kp2","trig:kp2","MAPPED_AUXILIARY","false"
"115-17","A","115","17","選填","../concept-map/115學測數學_三角.html#kp5","trig:kp5","MAPPED_AUXILIARY","false"
"115-18","A","115","18","混合題（單選 3 分）","../concept-map/115學測數學_空間向量.html#kp3","space:kp3","MAPPED_AUXILIARY","false"
"115-19","A","115","19","非選擇題（4 分）","../concept-map/115學測數學_空間向量.html#kp4","space:kp4","MAPPED_AUXILIARY","false"
"115-20","A","115","20","非選擇題（8 分）","../concept-map/115學測數學_空間向量.html#kp3","space:kp3","MAPPED_AUXILIARY","false"
"115-20","A","115","20","非選擇題（8 分）","../concept-map/115學測數學_空間向量.html#kp1","space:kp1","MAPPED_AUXILIARY","false"
"B115-1","B","115","1","單選","../concept-map/115學測數學_數與式.html#kp2","numexpr:kp2","MAPPED_AUXILIARY","false"
"B115-1","B","115","1","單選","../concept-map/115學測數學_數與式.html#kp5","numexpr:kp5","MAPPED_AUXILIARY","false"
"B115-2","B","115","2","單選","../concept-map/115學測數學_指數與對數.html#kp5","explog:kp5","MAPPED_AUXILIARY","false"
"B115-2","B","115","2","單選","../concept-map/115學測數學_指數與對數.html#kp2","explog:kp2","MAPPED_AUXILIARY","false"
"B115-3","B","115","3","單選","../concept-map/115學測數學_矩陣.html#kp3","matrix:kp3","MAPPED_AUXILIARY","false"
"B115-4","B","115","4","單選","../concept-map/115學測數學_三角.html#kp1","trig:kp1","MAPPED_AUXILIARY","false"
"B115-5","B","115","5","單選","../concept-map/115學測數學_數列與級數.html#kp2","seq:kp2","MAPPED_AUXILIARY","false"
"B115-5","B","115","5","單選","../concept-map/115學測數學_數列與級數.html#kp3","seq:kp3","MAPPED_AUXILIARY","false"
"B115-6","B","115","6","單選","../concept-map/115學測數學_直線與圓.html#kp1","linecir:kp1","MAPPED_AUXILIARY","false"
"B115-7","B","115","7","單選","../concept-map/115學測數學_排列組合與機率.html#kp4","prob:kp4","MAPPED_AUXILIARY","false"
"B115-7","B","115","7","單選","../concept-map/115學測數學_排列組合與機率.html#kp5","prob:kp5","MAPPED_AUXILIARY","false"
"B115-8","B","115","8","多選","../concept-map/115學測數學_三角.html#kp4","trig:kp4","MAPPED_AUXILIARY","false"
"B115-9","B","115","9","多選","../concept-map/115學測數學_多項式函數.html#kp1","poly:kp1","MAPPED_AUXILIARY","false"
"B115-9","B","115","9","多選","../concept-map/115學測數學_多項式函數.html#kp3","poly:kp3","MAPPED_AUXILIARY","false"
"B115-10","B","115","10","多選","../concept-map/115學測數學_數據分析.html#kp1","data:kp1","MAPPED_AUXILIARY","false"
"B115-10","B","115","10","多選","../concept-map/115學測數學_數據分析.html#kp2","data:kp2","MAPPED_AUXILIARY","false"
"B115-10","B","115","10","多選","../concept-map/115學測數學_數據分析.html#kp3","data:kp3","MAPPED_AUXILIARY","false"
"B115-11","B","115","11","多選","","","UNMAPPED","false"
"B115-12","B","115","12","多選","../concept-map/115學測數學_數列與級數.html#kp3","seq:kp3","MAPPED_AUXILIARY","false"
"B115-13","B","115","13","選填","../concept-map/115學測數學_三角.html#kp2","trig:kp2","MAPPED_AUXILIARY","false"
"B115-13","B","115","13","選填","../concept-map/115學測數學_直線與圓.html#kp1","linecir:kp1","MAPPED_AUXILIARY","false"
"B115-14","B","115","14","選填","../concept-map/115學測數學_排列組合與機率.html#kp1","prob:kp1","MAPPED_AUXILIARY","false"
"B115-15","B","115","15","選填","../concept-map/115學測數學_排列組合與機率.html#kp4","prob:kp4","MAPPED_AUXILIARY","false"
"B115-15","B","115","15","選填","../concept-map/115學測數學_數據分析.html#kp4","data:kp4","MAPPED_AUXILIARY","false"
"B115-16","B","115","16","選填","../concept-map/115學測數學_多項式函數.html#kp2","poly:kp2","MAPPED_AUXILIARY","false"
"B115-17","B","115","17","選填","../concept-map/115學測數學_平面向量.html#kp2","pvec:kp2","MAPPED_AUXILIARY","false"
"B115-18","B","115","18","混合題（單選 3 分）","../concept-map/115學測數學_直線與圓.html#kp2","linecir:kp2","MAPPED_AUXILIARY","false"
"B115-19","B","115","19","非選擇題（6 分）","../concept-map/115學測數學_直線與圓.html#kp3","linecir:kp3","MAPPED_AUXILIARY","false"
"B115-19","B","115","19","非選擇題（6 分）","../concept-map/115學測數學_平面向量.html#kp3","pvec:kp3","MAPPED_AUXILIARY","false"
"B115-20","B","115","20","非選擇題（6 分）","../concept-map/115學測數學_平面向量.html#kp5","pvec:kp5","MAPPED_AUXILIARY","false"
